STATE_NAME_2011,SSC_NAME_2011,POA_CODE_2011
Victoria,Alfredton,3350
Victoria,Cardigan,3352
Victoria,Cardigan Village,3352
Victoria,Lake Gardens,3355
Victoria,Newington (Vic.),3350
Victoria,Lake Wendouree,3350
Victoria,Ballarat Central,3350
Victoria,Bakery Hill,3350
Victoria,Nerrina,3350
Victoria,Eureka (Vic.),3350
Victoria,Ballarat East,3350
Victoria,Brown Hill (Vic.),3350
Victoria,Warrenheip,3352
Victoria,Invermay Park,3350
Victoria,Ballarat North,3350
Victoria,Soldiers Hill (Vic.),3350
Victoria,Black Hill (Vic.),3350
Victoria,Invermay (Vic.),3352
Victoria,Sebastopol (Vic.),3356
Victoria,Golden Point (Ballarat - Vic.),3350
Victoria,Mount Pleasant (Vic.),3350
Victoria,Canadian,3350
Victoria,Mount Clear,3350
Victoria,Redan,3350
Victoria,Buninyong,3357
Victoria,Mount Helen,3350
Victoria,Magpie,3352
Victoria,Delacombe,3356
Victoria,Smythes Creek,3351
Victoria,Bunkers Hill,3352
Victoria,Bonshaw (Vic.),3352
Victoria,Ross Creek (Vic.),3351
Victoria,Haddon,3351
Victoria,Cambrian Hill,3352
Victoria,Wendouree,3355
Victoria,Mitchell Park (Vic.),3355
Victoria,Mount Rowan,3352
Victoria,Miners Rest,3352
Victoria,Ballan,3342
Victoria,Greendale (Vic.),3341
Victoria,Dales Creek,3341
Victoria,Myrniong,3341
Victoria,Blackwood (Vic.),3458
Victoria,Korobeit,3341
Victoria,Parwan,3340
Victoria,Beremboke,3342
Victoria,Rowsley,3340
Victoria,Creswick,3363
Victoria,Dean,3363
Victoria,Broomfield,3364
Victoria,Allendale,3364
Victoria,Learmonth (Vic.),3352
Victoria,Windermere (Vic.),3352
Victoria,Clunes (Vic.),3370
Victoria,Kingston (Vic.),3364
Victoria,Smeaton,3364
Victoria,Sulky,3352
Victoria,Ascot (Ballarat - Vic.),3364
Victoria,Drummond,3461
Victoria,Blampied,3364
Victoria,Newlyn North,3364
Victoria,Korweinguboora,3461
Victoria,Lyonville,3461
Victoria,Trentham,3458
Victoria,Wheatsheaf,3461
Victoria,Hepburn Springs,3461
Victoria,Daylesford,3460
Victoria,Hepburn,3461
Victoria,Yandoit,3461
Victoria,Mount Franklin,3461
Victoria,Eganstown,3461
Victoria,Glenlyon (Vic.),3461
Victoria,Musk,3461
Victoria,Elaine,3334
Victoria,Morrisons,3334
Victoria,Durham Lead,3352
Victoria,Lal Lal,3352
Victoria,Yendon,3352
Victoria,Navigators,3352
Victoria,Dunnstown,3352
Victoria,Millbrook (Vic.),3352
Victoria,Bungaree (Vic.),3352
Victoria,Springbank,3352
Victoria,Clarendon (Vic.),3352
Victoria,Mount Egerton,3352
Victoria,Gordon (Vic.),3345
Victoria,Avoca (Vic.),3467
Victoria,Elmhurst,3469
Victoria,Moonambel,3478
Victoria,Amphitheatre,3468
Victoria,Waubra,3352
Victoria,Lexton,3352
Victoria,Landsborough (Vic.),3384
Victoria,Beaufort (Vic.),3373
Victoria,Raglan (Vic.),3373
Victoria,Skipton,3361
Victoria,Trawalla,3352
Victoria,Snake Valley,3351
Victoria,Carngham,3351
Victoria,Burrumbeet,3352
Victoria,Chepstowe,3351
Victoria,Napoleons,3352
Victoria,Garibaldi,3352
Victoria,Smythesdale,3351
Victoria,Linton,3360
Victoria,Berringa,3351
Victoria,Scarsdale,3351
Victoria,Enfield (Vic.),3352
Victoria,Mannibadar,3360
Victoria,Maryborough (Vic.),3465
Victoria,Dunolly (Vic.),3472
Victoria,Carisbrook,3464
Victoria,Bealiba,3475
Victoria,Talbot (Vic.),3371
Victoria,Daisy Hill (Vic.),3465
Victoria,Majorca,3371
Victoria,Bet Bet,3472
Victoria,Bowenvale,3465
Victoria,Alma (Vic.),3465
Victoria,North Bendigo,3550
Victoria,Bendigo,3550
Victoria,Long Gully,3550
Victoria,West Bendigo,3550
Victoria,Ironbark (Vic.),3550
Victoria,California Gully,3556
Victoria,Eaglehawk,3556
Victoria,Jackass Flat,3556
Victoria,Sailors Gully,3556
Victoria,Strathdale,3550
Victoria,East Bendigo,3550
Victoria,Kennington,3550
Victoria,East Bendigo,3551
Victoria,Spring Gully (Vic.),3550
Victoria,Flora Hill,3550
Victoria,Quarry Hill,3550
Victoria,Kangaroo Flat (Vic.),3555
Victoria,Big Hill,3555
Victoria,Golden Square,3555
Victoria,Golden Gully,3555
Victoria,Maiden Gully,3551
Victoria,Strathfieldsaye,3551
Victoria,Junortoun,3551
Victoria,White Hills (Vic.),3550
Victoria,Ascot,3551
Victoria,Epsom (Vic.),3551
Victoria,Huntly,3551
Victoria,White Hills (Vic.),3551
Victoria,Emu Creek (Vic.),3551
Victoria,Eppalock,3551
Victoria,Sedgwick,3551
Victoria,Ravenswood (Vic.),3453
Victoria,Mandurang South,3551
Victoria,Leichardt,3516
Victoria,Shelbourne,3463
Victoria,Marong,3515
Victoria,Lockwood,3551
Victoria,Lockwood South,3551
Victoria,Mandurang,3551
Victoria,Lyal,3444
Victoria,Axe Creek,3551
Victoria,Castlemaine,3450
Victoria,Chewton,3451
Victoria,McKenzie Hill,3451
Victoria,Campbells Creek,3451
Victoria,Harcourt,3453
Victoria,Newstead (Vic.),3462
Victoria,Baringhup,3463
Victoria,Walmer (Vic.),3463
Victoria,Metcalfe,3444
Victoria,Redesdale,3444
Victoria,Harcourt North,3453
Victoria,Maldon (Vic.),3463
Victoria,Sandon (Vic.),3462
Victoria,Yapeen,3451
Victoria,Fryerstown,3451
Victoria,Taradale (Vic.),3447
Victoria,Elphinstone (Vic.),3448
Victoria,Welshmans Reef,3463
Victoria,Guildford (Vic.),3451
Victoria,Muckleford,3451
Victoria,Faraday,3451
Victoria,Barkers Creek,3451
Victoria,Heathcote (Vic.),3523
Victoria,Axedale,3551
Victoria,Mount Camel,3523
Victoria,Mia Mia (Vic.),3523
Victoria,Knowsley,3523
Victoria,Kyneton,3444
Victoria,Carlsruhe,3442
Victoria,Tylden,3444
Victoria,Lauriston,3444
Victoria,Baynton (Vic.),3444
Victoria,Malmsbury,3446
Victoria,Woodend (Vic.),3442
Victoria,Newham,3442
Victoria,Woodend North,3442
Victoria,Ashbourne (Vic.),3442
Victoria,Longlea,3551
Victoria,Elmore,3558
Victoria,Goornong,3557
Victoria,Hunter,3558
Victoria,Myers Flat,3556
Victoria,Woodvale (Vic.),3556
Victoria,Neilborough,3570
Victoria,Raywood,3570
Victoria,Sebastian,3556
Victoria,Bagshot,3551
Victoria,Wellsford,3551
Victoria,Inglewood (Vic.),3517
Victoria,Bridgewater On Loddon,3516
Victoria,Bridgewater (Vic.),3516
Victoria,Tarnagulla,3551
Victoria,Serpentine (Vic.),3517
Victoria,Newbridge (Vic.),3551
Victoria,Rheola,3518
Victoria,Wedderburn (Vic.),3518
Victoria,Korong Vale,3520
Victoria,Glenalbyn,3517
Victoria,Dingee,3571
Victoria,Boort,3537
Victoria,Calivil,3573
Victoria,Pyramid Hill,3575
Victoria,Bannockburn (Vic.),3331
Victoria,Batesford,3221
Victoria,Gheringhap,3221
Victoria,Russells Bridge,3331
Victoria,Murgheboluc,3221
Victoria,Teesdale (Vic.),3328
Victoria,Meredith,3333
Victoria,Lethbridge,3332
Victoria,Inverleigh,3321
Victoria,Maude (Vic.),3331
Victoria,She Oaks,3331
Victoria,Shelford,3329
Victoria,Dereel,3352
Victoria,Rokewood,3330
Victoria,Winchelsea,3241
Victoria,Modewarre,3240
Victoria,Gnarwarre,3221
Victoria,Deans Marsh,3235
Victoria,Winchelsea South,3241
Victoria,Barrabool,3221
Victoria,Freshwater Creek,3216
Victoria,Mount Moriac,3240
Victoria,Paraparap,3240
Victoria,Gherang,3240
Victoria,Moriac,3240
Victoria,Belmont (Vic.),3216
Victoria,Corio,3214
Victoria,Lovely Banks,3221
Victoria,Norlane,3214
Victoria,North Shore (Vic.),3214
Victoria,Moorabool,3221
Victoria,Geelong,3220
Victoria,South Geelong,3220
Victoria,Breakwater,3219
Victoria,Thomson,3219
Victoria,East Geelong,3219
Victoria,Manifold Heights,3218
Victoria,Herne Hill (Vic.),3218
Victoria,Geelong West,3218
Victoria,Hamlyn Heights,3215
Victoria,Fyansford,3221
Victoria,Grovedale,3216
Victoria,Marshall,3216
Victoria,Waurn Ponds,3216
Victoria,Mount Duneed,3216
Victoria,Highton,3216
Victoria,Highton,3217
Victoria,Wandana Heights,3216
Victoria,Ceres,3221
Victoria,Lara,3212
Victoria,Anakie,3221
Victoria,Balliang,3340
Victoria,Little River (Vic.),3211
Victoria,Avalon (Vic.),3212
Victoria,Leopold,3224
Victoria,Newcomb,3219
Victoria,St Albans Park,3219
Victoria,Whittington,3219
Victoria,Moolap,3221
Victoria,Newtown,3220
Victoria,Bell Park,3215
Victoria,North Geelong,3215
Victoria,Bell Post Hill,3215
Victoria,Drumcondra,3215
Victoria,Rippleside,3215
Victoria,Drysdale,3222
Victoria,Curlewis (Vic.),3222
Victoria,Clifton Springs,3222
Victoria,Fairhaven,3231
Victoria,Lorne (Vic.),3232
Victoria,Aireys Inlet,3231
Victoria,Anglesea,3230
Victoria,Lorne (Vic.),3231
Victoria,Ocean Grove,3226
Victoria,Barwon Heads,3227
Victoria,Marcus Hill,3222
Victoria,Wallington,3221
Victoria,Connewarre,3227
Victoria,Breamlea,3227
Victoria,Portarlington,3223
Victoria,Indented Head,3223
Victoria,St Leonards (Vic.),3223
Victoria,Point Lonsdale,3225
Victoria,Queenscliff (Vic.),3225
Victoria,Mannerim,3222
Victoria,Torquay (Vic.),3228
Victoria,Jan Juc,3228
Victoria,Bells Beach,3228
Victoria,Bellbrae,3228
Victoria,Marysville,3779
Victoria,Buxton (Vic.),3711
Victoria,Alexandra (Vic.),3714
Victoria,Eildon,3713
Victoria,Yarck,3719
Victoria,Acheron,3714
Victoria,Taggerty,3714
Victoria,Thornton (Vic.),3712
Victoria,Taylor Bay,3713
Victoria,Narbethong (Vic.),3778
Victoria,Euroa,3666
Victoria,Violet Town,3669
Victoria,Miepoll,3666
Victoria,Longwood (Vic.),3666
Victoria,Ruffy,3666
Victoria,Balmattum,3666
Victoria,Strathbogie,3666
Victoria,Willowmavin,3764
Victoria,Kilmore,3764
Victoria,Broadford,3658
Victoria,Reedy Creek (Vic.),3658
Victoria,Kilmore East,3764
Victoria,Jamieson (Vic.),3723
Victoria,Merton,3715
Victoria,Bonnie Doon (Vic.),3720
Victoria,Tolmie,3723
Victoria,Mansfield (Vic.),3722
Victoria,Merrijig,3723
Victoria,Howqua Hills,3723
Victoria,Howqua Inlet,3723
Victoria,Goughs Bay,3723
Victoria,Mount Buller,3723
Victoria,Barjarg,3723
Victoria,Nagambie,3608
Victoria,Wahring,3608
Victoria,Mangalore (Vic.),3663
Victoria,Bailieston,3608
Victoria,Avenel,3664
Victoria,Kirwans Bridge,3608
Victoria,Seymour (Vic.),3660
Victoria,Tallarook,3659
Victoria,Pyalong,3521
Victoria,Puckapunyal,3662
Victoria,Hilldene,3660
Victoria,Whiteheads Creek,3660
Victoria,Sugarloaf Creek,3658
Victoria,Tooborac,3522
Victoria,McMahons Creek,3799
Victoria,Glenburn,3717
Victoria,Highlands,3660
Victoria,Yea,3717
Victoria,Flowerdale (Vic.),3717
Victoria,Strath Creek,3658
Victoria,Murrindindi,3717
Victoria,Hazeldene,3658
Victoria,Benalla,3672
Victoria,Goorambat,3725
Victoria,Taminick,3726
Victoria,Devenish,3726
Victoria,Baddaginnie,3670
Victoria,Warrenbayne,3670
Victoria,Swanpool,3673
Victoria,Tatong,3673
Victoria,Lurg,3673
Victoria,Winton (Vic.),3673
Victoria,Wahgunyah,3687
Victoria,Norong,3682
Victoria,Rutherglen,3685
Victoria,Wangaratta (Vic.),3677
Victoria,Waldara,3678
Victoria,Springhurst,3682
Victoria,Eldorado,3746
Victoria,Tarrawingee,3678
Victoria,East Wangaratta,3678
Victoria,North Wangaratta,3678
Victoria,Everton,3678
Victoria,Wangaratta South,3678
Victoria,Byawatha,3678
Victoria,Boorhaman,3678
Victoria,Moyhu,3732
Victoria,Milawa,3678
Victoria,Oxley (Vic.),3678
Victoria,Whorouly,3735
Victoria,Markwood,3678
Victoria,Laceby,3678
Victoria,Glenrowan,3675
Victoria,Peechelba,3678
Victoria,Wangandary,3678
Victoria,Greta West,3675
Victoria,Greta South,3675
Victoria,Cheshunt,3678
Victoria,Whitfield (Vic.),3733
Victoria,King Valley,3678
Victoria,Carboor,3678
Victoria,Beechworth,3747
Victoria,Stanley (Vic.),3747
Victoria,Wooragee,3747
Victoria,Bright (Vic.),3741
Victoria,Porepunkah,3740
Victoria,Mount Beauty,3699
Victoria,Tawonga South,3698
Victoria,Harrietville,3741
Victoria,Wandiligong,3744
Victoria,Buffalo River,3737
Victoria,Tawonga,3697
Victoria,Upper Gundowring,3691
Victoria,Falls Creek (Vic.),3699
Victoria,Freeburgh,3741
Victoria,Dederang,3691
Victoria,Hotham Heights,3741
Victoria,Dinner Plain,3898
Victoria,Barnawartha,3688
Victoria,Chiltern,3683
Victoria,Indigo Valley,3688
Victoria,Myrtleford,3737
Victoria,Mudgegonga,3737
Victoria,Rosewhite,3737
Victoria,Eurobin,3739
Victoria,Gapsted,3737
Victoria,Bethanga,3691
Victoria,Bellbridge,3691
Victoria,Corryong,3707
Victoria,Talgarno,3691
Victoria,Bullioh,3700
Victoria,Walwa,3709
Victoria,Nariel Valley,3707
Victoria,Tallangatta,3700
Victoria,Eskdale (Vic.),3701
Victoria,Mitta Mitta,3701
Victoria,Tallangatta South,3701
Victoria,Cudgewa,3705
Victoria,Tallangatta Valley,3701
Victoria,West Wodonga,3690
Victoria,Huon Creek,3691
Victoria,Barnawartha North,3691
Victoria,Bonegilla,3691
Victoria,Leneva,3691
Victoria,Staghorn Flat,3691
Victoria,Baranduda,3691
Victoria,Wodonga,3690
Victoria,Bandiana,3694
Victoria,Ebden,3691
Victoria,Yackandandah,3749
Victoria,Tangambalanga,3691
Victoria,Kiewa,3691
Victoria,Osbornes Flat,3691
Victoria,Kergunyah,3691
Victoria,Huon,3691
Victoria,Gundowring,3695
Victoria,Drouin,3818
Victoria,Drouin East,3818
Victoria,Ripplebrook,3818
Victoria,Drouin South,3818
Victoria,Labertouche,3816
Victoria,Longwarry,3816
Victoria,Drouin West,3818
Victoria,Athlone,3818
Victoria,Baw Baw Village,3833
Victoria,Buln Buln East,3821
Victoria,Noojee,3833
Victoria,Hill End (Vic.),3825
Victoria,Erica,3825
Victoria,Tanjil Bren,3833
Victoria,Baw Baw (Vic.),3833
Victoria,Neerim South,3831
Victoria,Willow Grove,3825
Victoria,Rawson,3825
Victoria,Jindivick,3818
Victoria,Neerim,3832
Victoria,Rokeby (Vic.),3821
Victoria,Buln Buln,3821
Victoria,Gentle Annie,3833
Victoria,Tanjil South,3825
Victoria,Neerim East,3831
Victoria,Yarragon,3823
Victoria,Trafalgar (Vic.),3824
Victoria,Narracan,3824
Victoria,Trafalgar South,3824
Victoria,Trafalgar East,3824
Victoria,Childers (Vic.),3824
Victoria,Thorpdale,3835
Victoria,Shady Creek,3821
Victoria,Yarragon South,3823
Victoria,Warragul,3820
Victoria,Warragul South,3821
Victoria,Nilma North,3821
Victoria,Darnum,3822
Victoria,Nilma,3821
Victoria,Hallora,3818
Victoria,Cloverlea,3822
Victoria,Ellinbank,3821
Victoria,Tom Groggin,3885
Victoria,East Bairnsdale,3875
Victoria,Eastwood (Vic.),3875
Victoria,Bairnsdale,3875
Victoria,Wy Yung,3875
Victoria,Lucknow (Vic.),3875
Victoria,Walpa,3875
Victoria,Lindenow,3865
Victoria,Lindenow South,3875
Victoria,Calulu,3875
Victoria,Mount Taylor,3875
Victoria,Clifton Creek,3875
Victoria,Granite Rock,3875
Victoria,Omeo,3898
Victoria,Benambra,3900
Victoria,Swifts Creek,3896
Victoria,Bruthen,3885
Victoria,Tambo Upper,3885
Victoria,Johnsonville,3902
Victoria,Nicholson (Vic.),3882
Victoria,Reedy Flat,3895
Victoria,Sarsfield,3875
Victoria,Dargo,3862
Victoria,Fernbank,3864
Victoria,Mossiface,3885
Victoria,Boole Poole,3880
Victoria,Lakes Entrance,3909
Victoria,Kalimna,3909
Victoria,Swan Reach (Vic.),3903
Victoria,Nungurner,3909
Victoria,Lake Tyers Beach,3909
Victoria,Metung,3904
Victoria,Lake Bunga,3909
Victoria,Orbost,3888
Victoria,Marlo,3888
Victoria,Toorloo Arm,3909
Victoria,Cann River,3890
Victoria,Bendoc,3888
Victoria,Bemm River,3889
Victoria,Bete Bolong,3888
Victoria,Newmerella,3886
Victoria,Buchan,3885
Victoria,Nowa Nowa,3887
Victoria,Mallacoota,3892
Victoria,Genoa,3891
Victoria,Goon Nure,3875
Victoria,Eagle Point,3878
Victoria,Forge Creek,3875
Victoria,Paynesville (Vic.),3880
Victoria,Newlands Arm,3875
Victoria,Raymond Island,3880
Victoria,Forge Creek,3880
Victoria,Venus Bay (Vic.),3956
Victoria,Sandy Point (Vic.),3959
Victoria,Foster,3960
Victoria,Port Welshpool,3965
Victoria,Welshpool (Vic.),3966
Victoria,Woorarra West,3960
Victoria,Toora (Vic.),3962
Victoria,Meeniyan,3956
Victoria,Dumbalk,3956
Victoria,Stony Creek,3957
Victoria,Toora North,3962
Victoria,Buffalo,3958
Victoria,Fish Creek,3959
Victoria,Walkerville (Vic.),3956
Victoria,Yanakie,3960
Victoria,Tarwin Lower,3956
Victoria,French Island,3921
Victoria,Korumburra,3950
Victoria,Poowong,3988
Victoria,Nyora (Vic.),3987
Victoria,Kardella,3951
Victoria,Outtrim,3951
Victoria,Bena,3951
Victoria,Strzelecki (Vic.),3950
Victoria,Poowong North,3988
Victoria,Loch,3945
Victoria,Mirboo North,3871
Victoria,Leongatha,3953
Victoria,Hallston,3953
Victoria,Leongatha North,3953
Victoria,Koonwarra,3954
Victoria,Leongatha South,3953
Victoria,Nerrena,3953
Victoria,Mirboo,3871
Victoria,Cowes,3922
Victoria,Cape Woolamai,3925
Victoria,Surf Beach (Vic.),3922
Victoria,Sunset Strip (Vic.),3922
Victoria,Silverleaves,3922
Victoria,Smiths Beach,3922
Victoria,Wimbledon Heights,3922
Victoria,Ventnor (Vic.),3922
Victoria,Rhyll,3923
Victoria,Newhaven,3925
Victoria,Wilsons Promontory,3960
Victoria,Inverloch,3996
Victoria,Lance Creek,3995
Victoria,Glen Alvie,3979
Victoria,Woolamai,3995
Victoria,Pioneer Bay,3984
Victoria,Krowera,3979
Victoria,Tenby Point,3984
Victoria,Unclassified (Vic.),3996
Victoria,Dalyston,3992
Victoria,Wonthaggi,3995
Victoria,The Gurdies,3984
Victoria,South Dudley,3995
Victoria,Kilcunda,3995
Victoria,San Remo (Vic.),3925
Victoria,North Wonthaggi,3995
Victoria,Cape Paterson,3995
Victoria,Bass,3991
Victoria,Coronet Bay,3984
Victoria,Corinella (Vic.),3984
Victoria,Wattle Bank,3995
Victoria,Grantville,3984
Victoria,Harmers Haven,3995
Victoria,Churchill (Vic.),3842
Victoria,Hazelwood,3840
Victoria,Jeeralang Junction,3840
Victoria,Yinnar South,3869
Victoria,Budgeree,3870
Victoria,Boolarra South,3870
Victoria,Yinnar,3869
Victoria,Hazelwood North,3840
Victoria,Boolarra,3870
Victoria,Hazelwood South,3840
Victoria,Callignee,3844
Victoria,Traralgon South,3844
Victoria,Newborough,3825
Victoria,Moe,3825
Victoria,Hernes Oak,3825
Victoria,Yallourn,3825
Victoria,Moe South,3825
Victoria,Morwell,3840
Victoria,Traralgon,3844
Victoria,Traralgon East,3844
Victoria,Glengarry (Vic.),3854
Victoria,Toongabbie (Vic.),3856
Victoria,Yallourn North,3825
Victoria,Tyers,3844
Victoria,Glengarry North,3854
Victoria,Licola,3858
Victoria,Golden Beach (Vic.),3851
Victoria,Meerlieu,3862
Victoria,Cobains,3851
Victoria,Longford (Vic.),3851
Victoria,Lake Wellington,3851
Victoria,Stradbroke,3851
Victoria,Ocean Grange,3880
Victoria,Loch Sport,3851
Victoria,Seaspray,3851
Victoria,East Sale,3852
Victoria,Stratford (Vic.),3862
Victoria,Briagolong,3860
Victoria,Boisdale,3860
Victoria,Coongulla,3860
Victoria,Newry,3859
Victoria,Heyfield,3858
Victoria,Glenmaggie,3858
Victoria,Maffra (Vic.),3860
Victoria,Tinamba,3859
Victoria,Munro,3862
Victoria,Bundalaguah,3851
Victoria,Seaton (Vic.),3858
Victoria,Rosedale (Vic.),3847
Victoria,Fulham (Vic.),3851
Victoria,Gormandale,3873
Victoria,Nambrok,3847
Victoria,Denison,3858
Victoria,Cowwarr,3857
Victoria,Sale,3850
Victoria,Wurruk,3850
Victoria,Carrajung,3844
Victoria,Won Wron,3971
Victoria,Devon North,3971
Victoria,Binginwarri,3966
Victoria,Jack River,3971
Victoria,Willung South,3847
Victoria,Manns Beach,3971
Victoria,Port Albert,3971
Victoria,Alberton (Vic.),3971
Victoria,Robertsons Beach,3971
Victoria,Woodside (Vic.),3874
Victoria,Yarram,3971
Victoria,Brunswick (Vic.),3056
Victoria,Brunswick East,3057
Victoria,Brunswick West,3055
Victoria,Coburg,3058
Victoria,Pascoe Vale South,3044
Victoria,Alphington,3078
Victoria,Fairfield (Vic.),3078
Victoria,Northcote,3070
Victoria,Thornbury,3071
Victoria,Ascot Vale,3032
Victoria,Essendon,3040
Victoria,Aberfeldie,3040
Victoria,Essendon North,3041
Victoria,Flemington,3031
Victoria,Travancore,3032
Victoria,Moonee Ponds,3039
Victoria,Carlton (Vic.),3053
Victoria,Melbourne,3000
Victoria,Docklands,3008
Victoria,Docklands,3005
Victoria,East Melbourne,3002
Victoria,Melbourne,3004
Victoria,Kensington (Vic.),3031
Victoria,West Melbourne,3003
Victoria,North Melbourne,3051
Victoria,Parkville (Vic.),3052
Victoria,Parkville (Vic.),3010
Victoria,South Yarra,3141
Victoria,Southbank,3006
Victoria,South Wharf,3006
Victoria,Albert Park (Vic.),3206
Victoria,Middle Park (Vic.),3206
Victoria,Elwood,3184
Victoria,Port Melbourne,3207
Victoria,South Melbourne,3205
Victoria,St Kilda (Vic.),3182
Victoria,St Kilda West,3182
Victoria,Windsor (Vic.),3181
Victoria,St Kilda East,3183
Victoria,Balaclava (Vic.),3183
Victoria,Ripponlea,3185
Victoria,Armadale (Vic.),3143
Victoria,Prahran,3181
Victoria,Toorak,3142
Victoria,Abbotsford (Vic.),3067
Victoria,Carlton North,3054
Victoria,Princes Hill,3054
Victoria,Collingwood (Vic.),3066
Victoria,Fitzroy (Vic.),3065
Victoria,Fitzroy North,3068
Victoria,Richmond (Vic.),3121
Victoria,Burnley,3121
Victoria,Cremorne (Vic.),3121
Victoria,Clifton Hill,3068
Victoria,Ashburton,3147
Victoria,Balwyn,3103
Victoria,Mont Albert,3127
Victoria,Deepdene (Vic.),3103
Victoria,Balwyn North,3104
Victoria,Camberwell (Vic.),3124
Victoria,Glen Iris (Vic.),3146
Victoria,Hawthorn (Vic.),3122
Victoria,Hawthorn East,3123
Victoria,Kew (Vic.),3101
Victoria,Kew East,3102
Victoria,Surrey Hills,3127
Victoria,Canterbury (Vic.),3126
Victoria,Bulleen,3105
Victoria,Doncaster,3108
Victoria,Doncaster East,3109
Victoria,Templestowe,3106
Victoria,Templestowe Lower,3107
Victoria,Blackburn North,3130
Victoria,Blackburn,3130
Victoria,Blackburn South,3130
Victoria,Box Hill (Vic.),3128
Victoria,Box Hill South,3128
Victoria,Mont Albert North,3129
Victoria,Box Hill North,3129
Victoria,Burwood (Vic.),3125
Victoria,Burwood East,3151
Victoria,Black Rock (Vic.),3193
Victoria,Beaumaris (Vic.),3193
Victoria,Brighton (Vic.),3186
Victoria,Brighton East,3187
Victoria,Highett,3190
Victoria,Cheltenham (Vic.),3192
Victoria,Hampton (Vic.),3188
Victoria,Hampton East,3188
Victoria,Sandringham (Vic.),3191
Victoria,McKinnon,3204
Victoria,Bentleigh,3204
Victoria,Bentleigh East,3165
Victoria,Carnegie,3163
Victoria,Caulfield East,3145
Victoria,Caulfield North,3161
Victoria,Caulfield South,3162
Victoria,Caulfield,3162
Victoria,Elsternwick,3185
Victoria,Gardenvale,3185
Victoria,Hughesdale,3166
Victoria,Murrumbeena,3163
Victoria,Ormond,3204
Victoria,Glen Huntly,3163
Victoria,Aspendale Gardens,3195
Victoria,Waterways,3195
Victoria,Braeside,3195
Victoria,Dingley Village,3172
Victoria,Carrum,3197
Victoria,Patterson Lakes,3197
Victoria,Bonbeach,3196
Victoria,Chelsea,3196
Victoria,Chelsea Heights,3196
Victoria,Aspendale,3195
Victoria,Edithvale,3196
Victoria,Mentone,3194
Victoria,Heatherton,3202
Victoria,Moorabbin,3189
Victoria,Moorabbin Airport,3194
Victoria,Mordialloc,3195
Victoria,Parkdale,3195
Victoria,Malvern (Vic.),3144
Victoria,Kooyong,3144
Victoria,Malvern East,3145
Victoria,Bundoora (Vic.),3083
Victoria,Greensborough,3088
Victoria,St Helena,3088
Victoria,Eltham North,3095
Victoria,Rosanna,3084
Victoria,Heidelberg,3084
Victoria,Heidelberg West,3081
Victoria,Bellfield,3081
Victoria,Heidelberg Heights,3081
Victoria,Ivanhoe (Vic.),3079
Victoria,Eaglemont,3084
Victoria,Ivanhoe East,3079
Victoria,Montmorency,3094
Victoria,Briar Hill,3088
Victoria,Lower Plenty,3093
Victoria,Yallambie,3085
Victoria,Viewbank,3084
Victoria,Macleod (Vic.),3085
Victoria,Watsonia,3087
Victoria,Watsonia North,3087
Victoria,Bundoora (Vic.),3086
Victoria,Kingsbury,3083
Victoria,Preston (Vic.),3072
Victoria,Reservoir (Vic.),3073
Victoria,Eltham (Vic.),3095
Victoria,Hurstbridge,3099
Victoria,Kinglake Central,3757
Victoria,Kinglake,3763
Victoria,Kinglake West,3757
Victoria,Pheasant Creek (Vic.),3757
Victoria,Toolangi,3777
Victoria,Castella,3777
Victoria,St Andrews (Vic.),3761
Victoria,Bend Of Islands,3097
Victoria,Panton Hill,3759
Victoria,Smiths Gully,3760
Victoria,Strathewen,3099
Victoria,Christmas Hills (Vic.),3775
Victoria,Doreen,3754
Victoria,Cottles Bridge,3099
Victoria,Arthurs Creek,3099
Victoria,Nutfield,3099
Victoria,Plenty (Vic.),3090
Victoria,Yarrambat,3091
Victoria,Research,3095
Victoria,North Warrandyte,3113
Victoria,Kangaroo Ground,3097
Victoria,Diamond Creek,3089
Victoria,Wattle Glen,3096
Victoria,Wollert,3750
Victoria,Epping (Vic.),3076
Victoria,Lalor,3075
Victoria,Mill Park,3082
Victoria,South Morang,3752
Victoria,Mernda,3754
Victoria,Thomastown,3074
Victoria,Beveridge,3753
Victoria,Wallan,3756
Victoria,Wandong,3758
Victoria,Upper Plenty,3756
Victoria,Clonbinane,3658
Victoria,Heathcote Junction,3758
Victoria,Waterford Park,3658
Victoria,Humevale,3757
Victoria,Whittlesea,3757
Victoria,Yan Yean,3755
Victoria,Eden Park,3757
Victoria,Woodstock (Vic.),3751
Victoria,Airport West,3042
Victoria,Essendon Fields,3041
Victoria,Keilor,3036
Victoria,Tullamarine,3043
Victoria,Keilor Park,3042
Victoria,Keilor East,3033
Victoria,Avondale Heights,3034
Victoria,Niddrie,3042
Victoria,Essendon West,3040
Victoria,Strathmore Heights,3041
Victoria,Strathmore (Vic.),3041
Victoria,New Gisborne,3438
Victoria,Gisborne,3437
Victoria,Bullengarook,3437
Victoria,Gisborne South,3437
Victoria,Mount Macedon,3441
Victoria,Macedon,3440
Victoria,Riddells Creek,3431
Victoria,Goldie,3435
Victoria,Monegeetta,3433
Victoria,Clarkefield,3430
Victoria,Lancefield,3435
Victoria,Romsey,3434
Victoria,Darraweit Guim,3756
Victoria,Hesket,3442
Victoria,Coburg North,3058
Victoria,Fawkner,3060
Victoria,Glenroy (Vic.),3046
Victoria,Hadfield,3046
Victoria,Gowanbrae,3043
Victoria,Pascoe Vale,3044
Victoria,Oak Park,3046
Victoria,Sunbury,3429
Victoria,Wildwood,3429
Victoria,Diggers Rest,3427
Victoria,Jacana,3047
Victoria,Broadmeadows (Vic.),3047
Victoria,Coolaroo,3048
Victoria,Campbellfield,3061
Victoria,Dallas,3047
Victoria,Craigieburn,3064
Victoria,Mickleham,3064
Victoria,Yuroke,3063
Victoria,Gladstone Park,3043
Victoria,Westmeadows,3049
Victoria,Attwood,3049
Victoria,Greenvale (Vic.),3059
Victoria,Bulla (Vic.),3428
Victoria,Oaklands Junction,3063
Victoria,Meadow Heights,3048
Victoria,Melbourne Airport,3045
Victoria,Roxburgh Park,3064
Victoria,Somerton (Vic.),3062
Victoria,Bayswater (Vic.),3153
Victoria,Boronia,3155
Victoria,The Basin (Vic.),3154
Victoria,Ferntree Gully,3156
Victoria,Upper Ferntree Gully,3156
Victoria,Knoxfield,3180
Victoria,Scoresby,3179
Victoria,Wantirna South,3179
Victoria,Lysterfield,3156
Victoria,Lysterfield,3178
Victoria,Rowville,3178
Victoria,Wantirna,3152
Victoria,Wantirna South,3152
Victoria,Donvale,3111
Victoria,Park Orchards,3114
Victoria,Ringwood North,3134
Victoria,Warrandyte,3113
Victoria,Wonga Park,3115
Victoria,Warrandyte South,3134
Victoria,Bayswater North,3153
Victoria,Kilsyth South,3137
Victoria,Croydon (Vic.),3136
Victoria,Kilsyth,3137
Victoria,Croydon South,3136
Victoria,Croydon North,3136
Victoria,Croydon Hills,3136
Victoria,Warranwood,3134
Victoria,Ringwood (Vic.),3134
Victoria,Ringwood East,3135
Victoria,Heathmont,3135
Victoria,Forest Hill (Vic.),3131
Victoria,Mitcham (Vic.),3132
Victoria,Nunawading,3131
Victoria,Vermont,3133
Victoria,Vermont South,3133
Victoria,Narre Warren East,3804
Victoria,Belgrave South,3160
Victoria,Selby,3159
Victoria,Belgrave,3160
Victoria,Menzies Creek,3159
Victoria,Belgrave Heights,3160
Victoria,Chirnside Park,3116
Victoria,Healesville,3777
Victoria,Badger Creek,3777
Victoria,Chum Creek,3777
Victoria,Yarra Glen,3775
Victoria,Steels Creek,3775
Victoria,Dixons Creek,3775
Victoria,Coldstream (Vic.),3770
Victoria,Lilydale (Vic.),3140
Victoria,Silvan,3795
Victoria,Monbulk,3793
Victoria,Macclesfield (Vic.),3782
Victoria,Montrose (Vic.),3765
Victoria,Mooroolbark,3138
Victoria,Kallista,3791
Victoria,Ferny Creek,3786
Victoria,The Patch,3792
Victoria,Sherbrooke,3789
Victoria,Olinda (Vic.),3788
Victoria,Kalorama,3766
Victoria,Mount Dandenong,3767
Victoria,Sassafras (Vic.),3787
Victoria,Tremont,3785
Victoria,Mount Evelyn,3796
Victoria,Upwey,3158
Victoria,Tecoma,3160
Victoria,Wandin North,3139
Victoria,Seville,3139
Victoria,Seville East,3139
Victoria,Wandin East,3139
Victoria,Gruyere,3770
Victoria,Warburton (Vic.),3799
Victoria,East Warburton,3799
Victoria,Don Valley,3139
Victoria,Launching Place,3139
Victoria,Yarra Junction,3797
Victoria,Wesburn,3799
Victoria,Woori Yallock,3139
Victoria,Millgrove,3799
Victoria,Gladysdale,3797
Victoria,Powelltown,3797
Victoria,Three Bridges,3797
Victoria,Yellingbo,3139
Victoria,Hoddles Creek,3139
Victoria,Beaconsfield (Vic.),3807
Victoria,Officer,3809
Victoria,Guys Hill,3807
Victoria,Iona,3815
Victoria,Bunyip,3815
Victoria,Garfield North,3814
Victoria,Tonimbuk,3815
Victoria,Nar Nar Goon,3812
Victoria,Cora Lynn,3814
Victoria,Tynong,3813
Victoria,Maryknoll,3812
Victoria,Nar Nar Goon North,3812
Victoria,Tynong North,3813
Victoria,Garfield (Vic.),3814
Victoria,Gembrook,3783
Victoria,Emerald (Vic.),3782
Victoria,Cockatoo (Vic.),3781
Victoria,Clematis,3782
Victoria,Avonsleigh,3782
Victoria,Dewhurst,3808
Victoria,Beaconsfield Upper,3808
Victoria,Pakenham Upper,3810
Victoria,Koo Wee Rup,3981
Victoria,Yannathan,3981
Victoria,Pakenham South,3810
Victoria,Bayles,3981
Victoria,Caldermeade,3984
Victoria,Lang Lang,3984
Victoria,Catani,3981
Victoria,Heath Hill,3981
Victoria,Cardinia,3978
Victoria,Pakenham,3810
Victoria,Berwick,3806
Victoria,Doveton,3177
Victoria,Eumemmerring,3177
Victoria,Endeavour Hills,3802
Victoria,Lysterfield South,3156
Victoria,Hallam,3802
Victoria,Hallam,3803
Victoria,Narre Warren,3805
Victoria,Harkaway,3806
Victoria,Narre Warren North,3804
Victoria,Cranbourne,3977
Victoria,Cranbourne East,3977
Victoria,Cranbourne North,3977
Victoria,Devon Meadows,3977
Victoria,Cranbourne South,3977
Victoria,Botanic Ridge,3977
Victoria,Junction Village,3977
Victoria,Clyde (Vic.),3978
Victoria,Cranbourne West,3977
Victoria,Hampton Park,3976
Victoria,Lynbrook,3975
Victoria,Lyndhurst (Vic.),3975
Victoria,Narre Warren South,3805
Victoria,Pearcedale,3912
Victoria,Unclassified (Vic.),3977
Victoria,Warneet,3980
Victoria,Blind Bight,3980
Victoria,Cannons Creek,3977
Victoria,Tooradin,3980
Victoria,Oakleigh South,3167
Victoria,Clarinda,3169
Victoria,Clayton South,3169
Victoria,Dandenong,3175
Victoria,Dandenong South,3175
Victoria,Bangholme,3175
Victoria,Dandenong North,3175
Victoria,Keysborough,3173
Victoria,Noble Park,3174
Victoria,Noble Park North,3174
Victoria,Springvale (Vic.),3171
Victoria,Springvale South,3172
Victoria,Chadstone,3148
Victoria,Ashwood,3147
Victoria,Clayton,3168
Victoria,Clayton,3800
Victoria,Notting Hill,3168
Victoria,Glen Waverley,3150
Victoria,Mount Waverley,3149
Victoria,Mulgrave (Vic.),3170
Victoria,Oakleigh,3166
Victoria,Oakleigh East,3166
Victoria,Huntingdale (Vic.),3166
Victoria,Wheelers Hill,3150
Victoria,Albion (Vic.),3020
Victoria,Ardeer,3022
Victoria,Cairnlea,3023
Victoria,Deer Park,3023
Victoria,Derrimut,3030
Victoria,Delahey,3037
Victoria,Keilor Downs,3038
Victoria,Kealba,3021
Victoria,Kings Park (Vic.),3021
Victoria,Albanvale,3021
Victoria,St Albans (Vic.),3021
Victoria,Sunshine (Vic.),3020
Victoria,Sunshine North,3020
Victoria,Sunshine West,3020
Victoria,Brooklyn (Vic.),3012
Victoria,Hillside (Melton - Vic.),3037
Victoria,Sydenham (Vic.),3037
Victoria,Taylors Lakes,3038
Victoria,Keilor Lodge,3038
Victoria,Keilor North,3036
Victoria,Calder Park,3037
Victoria,Altona (Vic.),3018
Victoria,Seaholme,3018
Victoria,Altona Meadows,3028
Victoria,Altona North,3025
Victoria,Newport (Vic.),3015
Victoria,Spotswood,3015
Victoria,South Kingsville,3015
Victoria,Seabrook,3028
Victoria,Williamstown (Vic.),3016
Victoria,Williamstown North,3016
Victoria,Braybrook,3019
Victoria,Maidstone,3012
Victoria,Footscray,3011
Victoria,Maribyrnong,3032
Victoria,Seddon (Vic.),3011
Victoria,Kingsville,3012
Victoria,West Footscray,3012
Victoria,Tottenham (Vic.),3012
Victoria,Yarraville,3013
Victoria,Maddingley,3340
Victoria,Merrimu,3340
Victoria,Long Forest,3340
Victoria,Hopetoun Park,3340
Victoria,Darley,3340
Victoria,Coimadai,3340
Victoria,Bacchus Marsh,3340
Victoria,Burnside (Vic.),3023
Victoria,Burnside Heights,3023
Victoria,Caroline Springs,3023
Victoria,Plumpton (Vic.),3335
Victoria,Kurunjang,3337
Victoria,Melton (Vic.),3337
Victoria,Toolern Vale,3337
Victoria,Melton South,3338
Victoria,Brookfield (Vic.),3338
Victoria,Eynesbury,3338
Victoria,Melton West,3337
Victoria,Rockbank,3335
Victoria,Mount Cottrell,3024
Victoria,Ravenhall,3023
Victoria,Taylors Hill,3037
Victoria,Hoppers Crossing,3029
Victoria,Laverton (Vic.),3028
Victoria,Laverton North,3026
Victoria,Williams Landing,3027
Victoria,Point Cook,3030
Victoria,Tarneit,3029
Victoria,Truganina,3029
Victoria,Werribee,3030
Victoria,Cocoroc,3030
Victoria,Werribee South,3030
Victoria,Wyndham Vale,3024
Victoria,Carrum Downs,3201
Victoria,Frankston,3199
Victoria,Frankston North,3200
Victoria,Frankston South,3199
Victoria,Langwarrin,3910
Victoria,Langwarrin South,3911
Victoria,Seaford (Vic.),3198
Victoria,Skye (Vic.),3977
Victoria,Sandhurst,3977
Victoria,Dromana,3936
Victoria,Safety Beach (Vic.),3936
Victoria,Arthurs Seat,3936
Victoria,Flinders (Vic.),3929
Victoria,Red Hill (Vic.),3937
Victoria,Red Hill South,3937
Victoria,Shoreham,3916
Victoria,Tuerong,3915
Victoria,Boneo,3939
Victoria,Main Ridge,3928
Victoria,Merricks North,3926
Victoria,Cape Schanck,3939
Victoria,Point Leo,3916
Victoria,Hastings (Vic.),3915
Victoria,Balnarring,3926
Victoria,Bittern,3918
Victoria,Crib Point,3919
Victoria,Somers,3927
Victoria,Hmas Cerberus,3920
Victoria,Balnarring Beach,3926
Victoria,Mornington (Vic.),3931
Victoria,Mount Eliza,3930
Victoria,Mount Martha,3934
Victoria,Blairgowrie,3942
Victoria,Rye,3941
Victoria,Tootgarook,3941
Victoria,Portsea,3944
Victoria,Sorrento (Vic.),3943
Victoria,St Andrews Beach,3941
Victoria,Fingal (Vic.),3939
Victoria,Rosebud West,3940
Victoria,McCrae,3938
Victoria,Rosebud,3939
Victoria,Moorooduc,3933
Victoria,Baxter,3911
Victoria,Tyabb,3913
Victoria,Somerville (Vic.),3912
Victoria,Ararat,3377
Victoria,Moyston,3377
Victoria,Pomonal,3381
Victoria,Cathcart (Vic.),3377
Victoria,Buangor,3375
Victoria,Willaura,3379
Victoria,Lake Bolac,3351
Victoria,Streatham,3351
Victoria,Tatyoon,3378
Victoria,Riverside (Vic.),3401
Victoria,Horsham,3400
Victoria,Haven,3401
Victoria,Toolondo,3409
Victoria,Brimpaen,3401
Victoria,Wartook,3401
Victoria,McKenzie Creek,3401
Victoria,Drung,3401
Victoria,Laharum,3401
Victoria,Natimuk,3409
Victoria,Pimpinio,3401
Victoria,Jung,3401
Victoria,Vectis,3401
Victoria,Quantong,3401
Victoria,Nhill,3418
Victoria,Rainbow,3424
Victoria,Jeparit,3423
Victoria,Telopea Downs,3420
Victoria,Netherby (Vic.),3418
Victoria,Big Desert,3490
Victoria,Serviceton,3420
Victoria,Kaniva,3419
Victoria,Gerang Gerung,3418
Victoria,Dimboola,3414
Victoria,Little Desert,3418
Victoria,St Arnaud,3478
Victoria,Marnoo,3387
Victoria,Carapooee,3477
Victoria,Navarre,3384
Victoria,Stawell,3380
Victoria,Deep Lead,3385
Victoria,Glenorchy (Vic.),3385
Victoria,Great Western,3374
Victoria,Concongella,3384
Victoria,Halls Gap,3381
Victoria,Langkoop,3312
Victoria,Edenhope,3318
Victoria,Harrow,3317
Victoria,Douglas (Vic.),3409
Victoria,Goroke,3401
Victoria,Apsley (Vic.),3319
Victoria,Minimay,3413
Victoria,Goroke,3412
Victoria,Warracknabeal,3393
Victoria,Brim,3391
Victoria,Beulah (Vic.),3395
Victoria,Minyip,3392
Victoria,Murtoa,3390
Victoria,Rupanyup,3388
Victoria,Hopetoun (Vic.),3396
Victoria,Woomelang,3485
Victoria,Patchewollock,3491
Victoria,Irymple (Vic.),3498
Victoria,Nichols Point,3501
Victoria,Merbein,3505
Victoria,Yelta (Vic.),3505
Victoria,Merbein South,3505
Victoria,Cabarita (Vic.),3505
Victoria,Birdwoodton,3505
Victoria,Mildura,3500
Victoria,Underbool,3509
Victoria,Ouyen,3490
Victoria,Nangiloc,3494
Victoria,Murray-Sunset,3490
Victoria,Colignan,3494
Victoria,Hattah,3501
Victoria,Meringur,3496
Victoria,Walpeup,3507
Victoria,Murrayville,3512
Victoria,Werrimull,3496
Victoria,Koorlong,3501
Victoria,Red Cliffs,3496
Victoria,Cardross,3496
Victoria,Donald,3480
Victoria,Nandaly,3533
Victoria,Birchip,3483
Victoria,Wycheproof,3527
Victoria,Charlton (Vic.),3525
Victoria,Watchem,3482
Victoria,Sea Lake,3533
Victoria,Berriwillock,3531
Victoria,Culgoa,3530
Victoria,Quambatook,3540
Victoria,Cohuna,3568
Victoria,Leitchville,3567
Victoria,Koondrook,3580
Victoria,Lalbert,3542
Victoria,Murrabit,3579
Victoria,Mystic Park,3579
Victoria,Lake Charm,3581
Victoria,Koondrook,3579
Victoria,Keely,3568
Victoria,McMillans,3568
Victoria,Tragowel,3579
Victoria,Mead,3568
Victoria,Gannawarra,3579
Victoria,Kerang,3579
Victoria,Robinvale,3549
Victoria,Robinvale Irrigation District Section C,3549
Victoria,Robinvale Irrigation District Section B,3549
Victoria,Tol Tol,3549
Victoria,Robinvale Irrigation District Section E,3549
Victoria,Swan Hill,3585
Victoria,Piangil,3597
Victoria,Wood Wood,3596
Victoria,Ultima,3544
Victoria,Vinifera,3591
Victoria,Tresco,3584
Victoria,Castle Donnington,3585
Victoria,Wemen,3549
Victoria,Boundary Bend,3597
Victoria,Manangatang,3546
Victoria,Pental Island,3586
Victoria,Nyah,3594
Victoria,Woorinen South,3588
Victoria,Tyntynder,3586
Victoria,Tyntynder South,3586
Victoria,Nyah West,3595
Victoria,Lake Boga,3584
Victoria,Woorinen,3589
Victoria,Beverford,3590
Victoria,Echuca,3564
Victoria,Echuca Village,3564
Victoria,Kyabram,3620
Victoria,Tongala,3621
Victoria,Wyuna (Vic.),3620
Victoria,Kyvalley,3621
Victoria,Koyuga,3622
Victoria,Lancaster,3620
Victoria,Kanyapella,3564
Victoria,Lockington,3563
Victoria,Diggora,3572
Victoria,Bamawm,3561
Victoria,Gunbower,3566
Victoria,Echuca West,3564
Victoria,Bamawm Extension,3561
Victoria,Wharparilla,3564
Victoria,Torrumbarry,3562
Victoria,Pine Grove (Vic.),3573
Victoria,Rochester (Vic.),3561
Victoria,Ballendella,3561
Victoria,Nanneella,3561
Victoria,Stanhope (Vic.),3623
Victoria,Waranga Shores,3612
Victoria,Toolleen,3551
Victoria,Colbinabbin,3559
Victoria,Corop,3559
Victoria,Girgarre,3624
Victoria,Rushworth,3612
Victoria,Cobram,3644
Victoria,Cobram East,3644
Victoria,Yabba North,3646
Victoria,Tungamah,3728
Victoria,St James (Vic.),3727
Victoria,Bundalong,3730
Victoria,Katamatite,3649
Victoria,Wilby,3728
Victoria,Burramine,3730
Victoria,Numurkah,3636
Victoria,Wunghnu,3635
Victoria,Kaarimba,3635
Victoria,Katunga,3640
Victoria,Picola,3639
Victoria,Kotupna,3638
Victoria,Nathalia,3638
Victoria,Yalca,3637
Victoria,Strathmerton,3641
Victoria,Bearii,3641
Victoria,Koonoomoo,3644
Victoria,Yarroweyah,3644
Victoria,Waaia,3637
Victoria,Invergordon (Vic.),3636
Victoria,Barmah,3639
Victoria,Yarrawonga (Vic.),3730
Victoria,Mooroopna,3629
Victoria,Grahamvale,3631
Victoria,Shepparton North,3631
Victoria,Shepparton,3630
Victoria,Kialla,3631
Victoria,Kialla West,3631
Victoria,Shepparton East,3631
Victoria,Orrvale,3631
Victoria,Katandra West,3634
Victoria,Tallygaroopna,3634
Victoria,Bunbartha,3634
Victoria,Congupna,3633
Victoria,Dookie,3646
Victoria,Lemnos,3631
Victoria,Pine Lodge (Vic.),3631
Victoria,Arcadia (Vic.),3631
Victoria,Kialla East,3631
Victoria,Murchison East,3610
Victoria,Tatura,3616
Victoria,Murchison (Vic.),3610
Victoria,Merrigum,3618
Victoria,Harston,3616
Victoria,Undera,3629
Victoria,Toolamba,3614
Victoria,Dhurringile,3610
Victoria,Byrneside,3617
Victoria,Tatura East,3616
Victoria,Mooroopna North,3629
Victoria,Ardmona,3629
Victoria,Dartmoor (Vic.),3304
Victoria,Casterton,3311
Victoria,Strathdownie,3312
Victoria,Nelson (Vic.),3292
Victoria,Narrawong,3285
Victoria,Heathmere,3305
Victoria,Gorae West,3305
Victoria,Cape Bridgewater,3305
Victoria,Heywood,3304
Victoria,Merino,3310
Victoria,Drumborg,3304
Victoria,Sandford (Vic.),3312
Victoria,Tyrendarra,3285
Victoria,Digby,3309
Victoria,Grassdale (Vic.),3302
Victoria,Condah,3303
Victoria,Wando Vale,3312
Victoria,Portland West,3305
Victoria,Bolwarra (Vic.),3305
Victoria,Hamilton (Vic.),3300
Victoria,Portland (Vic.),3305
Victoria,Portland North,3305
Victoria,Unclassified (Vic.),3305
Victoria,Yulecart,3301
Victoria,Coleraine,3315
Victoria,Dunkeld (Vic.),3294
Victoria,Penshurst (Vic.),3289
Victoria,Balmoral (Vic.),3407
Victoria,Cavendish,3314
Victoria,Moutajup,3301
Victoria,Glenthompson,3293
Victoria,Nareen,3315
Victoria,Tarrington,3301
Victoria,Byaduk,3301
Victoria,Branxholme,3302
Victoria,Glenisla,3314
Victoria,Konongwootong,3315
Victoria,Bulart,3314
Victoria,Camperdown (Vic.),3260
Victoria,Colac,3250
Victoria,Elliminyt,3250
Victoria,Colac East,3250
Victoria,Colac West,3250
Victoria,Cressy (Vic.),3251
Victoria,Beeac,3251
Victoria,Birregurra,3242
Victoria,Barwon Downs,3243
Victoria,Pirron Yallock,3249
Victoria,Larpent,3249
Victoria,Barongarook,3249
Victoria,Irrewarra,3249
Victoria,Coragulac,3249
Victoria,Dreeite,3249
Victoria,Warncoort,3243
Victoria,Barongarook West,3249
Victoria,Swan Marsh,3249
Victoria,Cororooke,3254
Victoria,Warrion,3249
Victoria,Derrinallum,3325
Victoria,Lismore (Vic.),3324
Victoria,Terang,3264
Victoria,Noorat,3265
Victoria,Glenormiston South,3265
Victoria,Boorcan,3265
Victoria,Bookaar,3260
Victoria,Larralea,3260
Victoria,Simpson (Vic.),3266
Victoria,Port Campbell,3269
Victoria,Princetown,3269
Victoria,Cooriemungle,3268
Victoria,Pomborneit,3260
Victoria,South Purrumbete,3260
Victoria,Jancourt East,3266
Victoria,Cobden,3266
Victoria,Cobrico,3266
Victoria,Glenfyne,3266
Victoria,Timboon,3268
Victoria,Brucknell,3268
Victoria,Bostocks Creek,3266
Victoria,Ecklin South,3265
Victoria,Scotts Creek (Vic.),3267
Victoria,Mepunga East,3277
Victoria,Mortlake (Vic.),3272
Victoria,Panmure,3265
Victoria,Winslow,3281
Victoria,Woolsthorpe,3276
Victoria,Caramut,3274
Victoria,Woorndoo,3272
Victoria,Framlingham,3265
Victoria,Nullawarre,3268
Victoria,Naringal,3277
Victoria,Laang,3265
Victoria,Cudgee,3265
Victoria,Kolora,3265
Victoria,Ellerslie (Vic.),3265
Victoria,Grassmere,3281
Victoria,Hexham (Vic.),3273
Victoria,Peterborough (Vic.),3270
Victoria,Nirranda,3268
Victoria,Garvoc,3265
Victoria,Purnim,3278
Victoria,Koroit,3282
Victoria,Warrong,3283
Victoria,Port Fairy,3284
Victoria,Macarthur (Vic.),3286
Victoria,Bessiebelle,3304
Victoria,Yambuk,3285
Victoria,Rosebrook (Vic.),3285
Victoria,Kirkstall,3283
Victoria,Mailors Flat,3275
Victoria,Illowa,3282
Victoria,Broadwater (Vic.),3301
Victoria,Hawkesdale,3287
Victoria,Crossley,3283
Victoria,Apollo Bay (Vic.),3233
Victoria,Marengo (Vic.),3233
Victoria,Forrest (Vic.),3236
Victoria,Skenes Creek,3233
Victoria,Johanna,3238
Victoria,Beech Forest,3237
Victoria,Gellibrand,3239
Victoria,Wye River,3221
Victoria,Warrnambool,3280
Victoria,Dennington,3280
Victoria,Woodford (Vic.),3281
Victoria,Bushfield,3281
Victoria,Allansford,3277